{"frames":{"chicken_idle0.png":{"frame":{"x":0,"y":0,"w":24,"h":24},"rotated":false,"trimmed":false,"spriteSourceSize":{"x":0,"y":0,"w":24,"h":24},"sourceSize":{"w":24,"h":24}},"chicken_idle1.png":{"frame":{"x":24,"y":0,"w":24,"h":24},"rotated":false,"trimmed":false,"spriteSourceSize":{"x":0,"y":0,"w":24,"h":24},"sourceSize":{"w":24,"h":24}},"chicken_idle2.png":{"frame":{"x":48,"y":0,"w":24,"h":24},"rotated":false,"trimmed":false,"spriteSourceSize":{"x":0,"y":0,"w":24,"h":24},"sourceSize":{"w":24,"h":24}},"chicken_idle3.png":{"frame":{"x":72,"y":0,"w":24,"h":24},"rotated":false,"trimmed":false,"spriteSourceSize":{"x":0,"y":0,"w":24,"h":24},"sourceSize":{"w":24,"h":24}},"chicken_idle4.png":{"frame":{"x":96,"y":0,"w":24,"h":24},"rotated":false,"trimmed":false,"spriteSourceSize":{"x":0,"y":0,"w":24,"h":24},"sourceSize":{"w":24,"h":24}},"chicken_idle5.png":{"frame":{"x":0,"y":24,"w":24,"h":24},"rotated":false,"trimmed":false,"spriteSourceSize":{"x":0,"y":0,"w":24,"h":24},"sourceSize":{"w":24,"h":24}},"chicken_idle6.png":{"frame":{"x":24,"y":24,"w":24,"h":24},"rotated":false,"trimmed":false,"spriteSourceSize":{"x":0,"y":0,"w":24,"h":24},"sourceSize":{"w":24,"h":24}},"chicken_idle7.png":{"frame":{"x":48,"y":24,"w":24,"h":24},"rotated":false,"trimmed":false,"spriteSourceSize":{"x":0,"y":0,"w":24,"h":24},"sourceSize":{"w":24,"h":24}},"chicken_idle8.png":{"frame":{"x":72,"y":24,"w":24,"h":24},"rotated":false,"trimmed":false,"spriteSourceSize":{"x":0,"y":0,"w":24,"h":24},"sourceSize":{"w":24,"h":24}},"chicken_idle9.png":{"frame":{"x":96,"y":24,"w":24,"h":24},"rotated":false,"trimmed":false,"spriteSourceSize":{"x":0,"y":0,"w":24,"h":24},"sourceSize":{"w":24,"h":24}},"chicken_idle10.png":{"frame":{"x":0,"y":48,"w":24,"h":24},"rotated":false,"trimmed":false,"spriteSourceSize":{"x":0,"y":0,"w":24,"h":24},"sourceSize":{"w":24,"h":24}},"chicken_idle11.png":{"frame":{"x":24,"y":48,"w":24,"h":24},"rotated":false,"trimmed":false,"spriteSourceSize":{"x":0,"y":0,"w":24,"h":24},"sourceSize":{"w":24,"h":24}},"chicken_idle12.png":{"frame":{"x":48,"y":48,"w":24,"h":24},"rotated":false,"trimmed":false,"spriteSourceSize":{"x":0,"y":0,"w":24,"h":24},"sourceSize":{"w":24,"h":24}},"chicken_idle13.png":{"frame":{"x":72,"y":48,"w":24,"h":24},"rotated":false,"trimmed":false,"spriteSourceSize":{"x":0,"y":0,"w":24,"h":24},"sourceSize":{"w":24,"h":24}},"chicken_idle14.png":{"frame":{"x":96,"y":48,"w":24,"h":24},"rotated":false,"trimmed":false,"spriteSourceSize":{"x":0,"y":0,"w":24,"h":24},"sourceSize":{"w":24,"h":24}},"chicken_idle15.png":{"frame":{"x":0,"y":72,"w":24,"h":24},"rotated":false,"trimmed":false,"spriteSourceSize":{"x":0,"y":0,"w":24,"h":24},"sourceSize":{"w":24,"h":24}},"chicken_idle16.png":{"frame":{"x":24,"y":72,"w":24,"h":24},"rotated":false,"trimmed":false,"spriteSourceSize":{"x":0,"y":0,"w":24,"h":24},"sourceSize":{"w":24,"h":24}},"chicken_idle17.png":{"frame":{"x":48,"y":72,"w":24,"h":24},"rotated":false,"trimmed":false,"spriteSourceSize":{"x":0,"y":0,"w":24,"h":24},"sourceSize":{"w":24,"h":24}},"chicken_idle18.png":{"frame":{"x":72,"y":72,"w":24,"h":24},"rotated":false,"trimmed":false,"spriteSourceSize":{"x":0,"y":0,"w":24,"h":24},"sourceSize":{"w":24,"h":24}},"chicken_idle19.png":{"frame":{"x":96,"y":72,"w":24,"h":24},"rotated":false,"trimmed":false,"spriteSourceSize":{"x":0,"y":0,"w":24,"h":24},"sourceSize":{"w":24,"h":24}},"chicken_idle20.png":{"frame":{"x":0,"y":96,"w":24,"h":24},"rotated":false,"trimmed":false,"spriteSourceSize":{"x":0,"y":0,"w":24,"h":24},"sourceSize":{"w":24,"h":24}},"chicken_idle21.png":{"frame":{"x":24,"y":96,"w":24,"h":24},"rotated":false,"trimmed":false,"spriteSourceSize":{"x":0,"y":0,"w":24,"h":24},"sourceSize":{"w":24,"h":24}},"chicken_idle22.png":{"frame":{"x":48,"y":96,"w":24,"h":24},"rotated":false,"trimmed":false,"spriteSourceSize":{"x":0,"y":0,"w":24,"h":24},"sourceSize":{"w":24,"h":24}},"chicken_idle23.png":{"frame":{"x":72,"y":96,"w":24,"h":24},"rotated":false,"trimmed":false,"spriteSourceSize":{"x":0,"y":0,"w":24,"h":24},"sourceSize":{"w":24,"h":24}}},"meta":{"app":"https://github.com/piskelapp/piskel/","version":"1.0","image":"chicken_idle.png","format":"RGBA8888","size":{"w":120,"h":120}}}